id,query,Cooking Approach,Cooks For,Cuisine,Dietary Requirements,Persona,Preparation Constraints,Scenario,Skill Level
3,"Hey there! I'm looking for a tasty Indian meal I can prepare in an Instant Pot that's high in protein. I'm planning to batch cook for the week, so I need something healthy and flavorful using seasonal ingredients. Any suggestions?",Instant Pot,Meal Prep & Batch Cooking,Indian,High-Protein,Health Enthusiast,Seasonal Ingredients,Taste-Driven,Comfortable Home Cook
6,"I'm looking for an easy, family-friendly Italian recipe that's low in sodium and budget-friendly. I don't have a lot of fancy kitchen tools. Can you suggest something that fits this?",Everyday Cooking,Family-friendly,Italian,Low-Sodium,Budget-Conscious Cook,Limited Gear,Eco & Ethical Considerations,Comfortable Home Cook
8,"""Hey, can you recommend a quick and easy Japanese recipe for one that's dairy-free? I'm pretty comfortable in the kitchen, but something that involves sautéing would be great!""",Sautéing,Individual,Japanese,Dairy-Free,College Student,Quick Meals,Quick Summaries,Comfortable Home Cook
2,"Hi there! I'm looking for a quick and easy gluten-free Mediterranean recipe that I can grill. I'm a busy parent, so something that's nutritious and family-friendly would be perfect. Any suggestions?",Grilling,Family-friendly,Mediterranean,Gluten-Free,Busy Parent,Quick Meals,Health & Wellness Goals,Comfortable Home Cook
1,Hey there! I'm a college student on a budget looking for a quick and easy vegan Mexican recipe that I can whip up with pantry staples. Any suggestions for an absolute beginner like me cooking for one? Thanks!,Quick & Easy,Individual,Mexican,Vegan,College Student,Pantry Staples,Budget-Conscious,Absolute Beginner
4,I'm planning a splurge-worthy date night and would like to try something truly spectacular using my sous-vide setup. Could you recommend a keto-friendly French recipe that shows off my culinary skills?,Sous-vide,Couple/Date Night,French,Keto,Amateur Foodie,Fully Equipped Kitchen,Splurge-Worthy,Culinary Expert
7,"Hey, I'm looking to try out some new Middle Eastern recipes I can make using a slow cooker. I’m an absolute beginner, so I’ll need some detailed guidance. Also, I'll be meal-prepping, so it needs to be something I can make in batches. Can you suggest a halal option with ingredients that are easy to find locally?",Slow Cooker,Meal Prep & Batch Cooking,Middle Eastern,Halal,Adventure Seeker,Locally Available,Detailed Guidance,Absolute Beginner
14,Hi! I'm looking for a Chinese recipe that's both family-friendly and diabetic-friendly. I prefer using steaming as the cooking method and would love some guidance on something that's healthy and uses ingredients I can find easily here. Any suggestions?,Steaming,Family-friendly,Chinese,Diabetic-Friendly,Health Enthusiast,Locally Available,Health & Wellness Goals,Comfortable Home Cook
5,"Hey there! I'm planning a party and want to bake something comforting and a bit experimental for a large group. Since I'm a beginner, could you recommend a nut-free, American fusion dessert that's both indulgent and reasonably easy to follow? I'm not in a rush, so a leisurely project would be great!",Baking,Large Groups/Parties,American Fusion & Experimental,Nut-Free,Comfort-Food Lover,Leisurely Cooking,Occasion-Based Cooking,Absolute Beginner
9,I'm planning a special date-night dinner and would love to make something Thai that's both gourmet and paleo-friendly. Any intricate recipes you'd recommend for a couple looking to indulge?,Gourmet & Intricate,Couple/Date Night,Thai,Paleo,Health Enthusiast,Fully Equipped Kitchen,Splurge-Worthy,Culinary Expert
12,Hey there! I'm planning a big dinner party with a focus on traditional roasting techniques and would love some inspiration using seasonal ingredients. Could you recommend a kosher recipe that will impress my guests?,Roasting,Large Groups/Parties,Traditional/Authentic,Kosher,Amateur Foodie,Seasonal Ingredients,Occasion-Based Cooking,Culinary Expert
11,"Hey there! I'm looking for a quick and tasty air fryer recipe that satisfies my comfort food cravings. I love experimenting with Southern fusion, but I need to keep it low-sugar. Any ideas? Just for me, so not too big!",Air Fryer,Individual,Southern Fusion & Experimental,Low-Sugar,Comfort-Food Lover,Quick Meals,Taste-Driven,Comfortable Home Cook
10,"Hey there! I'm a busy parent looking for a quick, no-cook, vegetarian Korean recipe that I can make for my family using pantry staples. I've got a tight budget, so something simple would be great. Any ideas?",Minimal/No-Cook,Family-friendly,Korean,Vegetarian,Busy Parent,Pantry Staples,Budget-Conscious,Absolute Beginner
13,Hey! I'm really new to cooking and I love trying new things. Could you help me find a quick and easy Mexican recipe that's seafood-free? Something I can make just for myself with limited kitchen gear. Interactive steps would be awesome! Thanks!,Quick & Easy,Individual,Mexican,Seafood-Free,Adventure Seeker,Limited Gear,Interactive Guidance,Absolute Beginner
15,"I'm planning a splurge-worthy Italian dinner for a date night, focusing on sous-vide cooking. Can you suggest a nut-free recipe that's impressive but budget-friendly?",Sous-vide,Couple/Date Night,Italian,Nut-Free,Budget-Conscious Cook,Fully Equipped Kitchen,Splurge-Worthy,Culinary Expert
16,"Hey, I'm planning a Mediterranean-themed barbecue for a large group and I'd love some vegan grilling recipes that use seasonal ingredients. Since eco-friendly cooking's important to me, any advice on that would also be great!",Grilling,Large Groups/Parties,Mediterranean,Vegan,Busy Parent,Seasonal Ingredients,Eco & Ethical Considerations,Comfortable Home Cook
17,"Hi there! I'm a college student just starting to cook for myself. I'm interested in making an easy, budget-friendly Japanese dish that doesn't use eggs. Do you have any simple recipes that use basic pantry staples? Thanks!",Everyday Cooking,Individual,Japanese,Egg-Free,College Student,Pantry Staples,Budget-Conscious,Absolute Beginner
18,Hi there! I'm looking for high-protein Indian recipes that I can make using my air fryer for meal prep. I'd love something quick and easy that aligns with my health and wellness goals. Any suggestions?,Air Fryer,Meal Prep & Batch Cooking,Indian,High-Protein,Health Enthusiast,Quick Meals,Health & Wellness Goals,Comfortable Home Cook
21,"I'm hosting a party soon and want to roast something delicious and traditional that won't break the bank. It needs to be dairy-free for my guests, and I'd like to use ingredients I can easily find locally. Any suggestions?",Roasting,Large Groups/Parties,Traditional/Authentic,Dairy-Free,Budget-Conscious Cook,Locally Available,Occasion-Based Cooking,Comfortable Home Cook
19,"Hi there! I'm planning a special date night and want to bake something impressive and French-inspired. Since we're both gluten-free, could you suggest a splurge-worthy dessert recipe that will really wow my partner? I've got a fully equipped kitchen and I'm up for a challenge!",Baking,Couple/Date Night,French,Gluten-Free,Amateur Foodie,Fully Equipped Kitchen,Splurge-Worthy,Culinary Expert
20,"Hi there! I'm looking for a family-friendly keto recipe that's American but with a bit of a twist. I'd love to use my Instant Pot, and since I'm just starting out with cooking, I really need detailed instructions. Can you suggest something comforting yet exciting?",Instant Pot,Family-friendly,American Fusion & Experimental,Keto,Comfort-Food Lover,Limited Gear,Detailed Guidance,Absolute Beginner
22,"Hey there! I’m on the hunt for a taste-packed Paleo-friendly Mediterranean dish that doesn't require much cooking. I'm pretty new to all of this, so something simple using pantry staples would be great. Any ideas for something fun to try out?",Minimal/No-Cook,Individual,Mediterranean,Paleo,Adventure Seeker,Pantry Staples,Taste-Driven,Absolute Beginner
23,Hey there! I'm looking for a tasty Mexican-inspired dish to grill for a date night. I want something low-sodium with seasonal ingredients that's also eco-friendly. Do you have any suggestions for a couple of health enthusiasts?,Grilling,Couple/Date Night,Mexican,Low-Sodium,Health Enthusiast,Seasonal Ingredients,Eco & Ethical Considerations,Culinary Expert
24,Hey there! I'm a busy parent looking for a quick and easy Middle Eastern halal recipe that's family-friendly. Could you suggest something with a quick summary? Thanks!,Quick & Easy,Family-friendly,Middle Eastern,Halal,Busy Parent,Quick Meals,Quick Summaries,Comfortable Home Cook
29,"Hey there! I'm looking to create a family-friendly, seafood-free dish using seasonal ingredients. I enjoy experimenting with fusion flavors and love roasting, so could you suggest something adventurous and suitable for a special occasion?",Roasting,Family-friendly,Fusion & Experimental,Seafood-Free,Adventure Seeker,Seasonal Ingredients,Occasion-Based Cooking,Culinary Expert
25,"Hey there! I'm a college student looking to do some budget-friendly meal prep using my slow cooker. I'm a total beginner, and I need something vegetarian that fits with my limited kitchen gear. Could you suggest a Chinese recipe for me?",Slow Cooker,Meal Prep & Batch Cooking,Chinese,Vegetarian,College Student,Limited Gear,Budget-Conscious,Absolute Beginner
30,Hey! I'm looking for a quick and healthy Japanese-inspired air fryer recipe to whip up for myself. Got any suggestions that are low in calories? Thanks!,Air Fryer,Individual,Japanese,Calorie-Conscious,Health Enthusiast,Quick Meals,Quick Summaries,Comfortable Home Cook
28,"""Hey there! I'm hosting a party and need a simple Thai recipe that uses locally available ingredients, sticks to a low-sugar diet, and preferably involves steaming. Can you suggest something easy enough for a beginner like me?""",Steaming,Large Groups/Parties,Thai,Low-Sugar,Budget-Conscious Cook,Locally Available,Health & Wellness Goals,Absolute Beginner
27,I'm planning a special date night and want to cook something gourmet and intricate. Can you suggest a splurge-worthy Italian comfort food recipe that's gluten-free? I have some time to really enjoy the cooking process!,Gourmet & Intricate,Couple/Date Night,Italian,Gluten-Free,Comfort-Food Lover,Leisurely Cooking,Splurge-Worthy,Comfortable Home Cook
26,"Hi there! I'm really into trying new flavors and I’ve got a fully equipped kitchen ready for action. I'm an amateur foodie, and I'm looking to experiment with some Korean recipes. I prefer sautéing, and they need to be nut-free as I’m cooking just for myself. Do you have any taste-driven Korean recipes that I can whip up?",Sautéing,Individual,Korean,Nut-Free,Amateur Foodie,Fully Equipped Kitchen,Taste-Driven,Culinary Expert
32,"Hey, I'm a college student looking for a budget-friendly, dairy-free Mexican recipe that I can make in my Instant Pot for meal prep. I don't have a lot of kitchen gear, so something not too complicated would be great. Any suggestions?",Instant Pot,Meal Prep & Batch Cooking,Mexican,Dairy-Free,College Student,Limited Gear,Budget-Conscious,Comfortable Home Cook
31,"Hey, I'm a super busy parent looking to bake something family-friendly and vegan with a Mediterranean twist. I'm not very experienced in the kitchen, so I could really use some interactive guidance, preferably using pantry staples I might already have. Any suggestions?",Baking,Family-friendly,Mediterranean,Vegan,Busy Parent,Pantry Staples,Interactive Guidance,Absolute Beginner
35,"Hey there! I'm looking for a quick and easy Chinese recipe that's both egg-free and budget-friendly. I want something the whole family will enjoy, and it would be great if it's eco-friendly too. Any suggestions?",Quick & Easy,Family-friendly,Chinese,Egg-Free,Budget-Conscious Cook,Quick Meals,Eco & Ethical Considerations,Comfortable Home Cook
34,"Hey, I'm craving some warm, comforting Indian food that I can make easily at home and that fits my gluten-free diet. Can you suggest a simple recipe for one person with ingredients I can easily find around here?",Everyday Cooking,Individual,Indian,Gluten-Free,Comfort-Food Lover,Locally Available,Taste-Driven,Absolute Beginner
33,"Hello! I'm planning a special date night and I want to impress with something French and sous-vide. Since we're both into high-protein meals and I've got a fully equipped kitchen, what would you recommend? I'm ready for something splurge-worthy and expert-level—got any ideas?",Sous-vide,Couple/Date Night,French,High-Protein,Amateur Foodie,Fully Equipped Kitchen,Splurge-Worthy,Culinary Expert
36,I'm hosting a large dinner party soon and I'm looking for some traditional steamed dishes using seasonal ingredients that are diabetic-friendly. What authentic recipes can you recommend?,Steaming,Large Groups/Parties,Traditional/Authentic,Diabetic-Friendly,Adventure Seeker,Seasonal Ingredients,Occasion-Based Cooking,Culinary Expert
39,"Hey, I'm a college student looking for a quick, tasty Mediterranean recipe I can throw together without much cooking and that’s low in sodium. I’m pretty skilled in the kitchen and just cooking for myself, so something flavorful and satisfying would be great. Any suggestions?",Minimal/No-Cook,Individual,Mediterranean,Low-Sodium,College Student,Quick Meals,Taste-Driven,Culinary Expert
37,"Hey there! I'm planning a date night and would love to try something Korean on the grill. I'm a beginner and have limited gear, so any simple, nut-free grilling recipes that fit health and wellness goals would be perfect. Got any suggestions?",Grilling,Couple/Date Night,Korean,Nut-Free,Health Enthusiast,Limited Gear,Health & Wellness Goals,Absolute Beginner
38,"Hi there! As a busy parent, I’m looking for a paleo-friendly Mexican slow cooker recipe that I can make in larger batches for meal prep. I’d love it if it uses pantry staples and comes with detailed guidance to ensure I get it right. Can you help?",Slow Cooker,Meal Prep & Batch Cooking,Mexican,Paleo,Busy Parent,Pantry Staples,Detailed Guidance,Comfortable Home Cook
41,Hey there! I’m looking to bake a comforting vegetarian Italian dish for a large group. Something beginner-friendly that uses seasonal ingredients and is eco-friendly would be perfect. Could you suggest a suitable recipe?,Baking,Large Groups/Parties,Italian,Vegetarian,Comfort-Food Lover,Seasonal Ingredients,Eco & Ethical Considerations,Absolute Beginner
40,"Hey there! I'm looking for a delicious Middle Eastern recipe that's perfect for a special family gathering. I love roasting, and I want to make sure everything is halal and uses ingredients I can easily find locally. Any suggestions that would impress my family?",Roasting,Family-friendly,Middle Eastern,Halal,Amateur Foodie,Locally Available,Occasion-Based Cooking,Comfortable Home Cook
42,"Hey there! I'm looking for a budget-friendly Indian vegan recipe I can make with my air fryer. I'm cooking just for myself and don't have a fully equipped kitchen, so something simple would be great. Any suggestions?",Air Fryer,Individual,Indian,Vegan,Budget-Conscious Cook,Limited Gear,Budget-Conscious,Comfortable Home Cook
43,"I'm planning a special date night and want to experiment with a fusion dish. Could you suggest a dairy-free, splurge-worthy recipe that’s a little adventurous, ideal for two? I've got a fully equipped kitchen and I'm ready to get creative!",Everyday Cooking,Couple/Date Night,Fusion & Experimental,Dairy-Free,Adventure Seeker,Fully Equipped Kitchen,Splurge-Worthy,Culinary Expert
44,Hey! I'm trying to make a quick and healthy Japanese meal using my Instant Pot for my family. It needs to be low in sugar and simple since I'm just starting out in cooking. Can you help me with a recipe and a summary of the steps?,Instant Pot,Family-friendly,Japanese,Low-Sugar,Health Enthusiast,Quick Meals,Quick Summaries,Absolute Beginner
46,"Hey, I'm looking for a gluten-free Mexican recipe that's a bit on the gourmet side. I have some time to spare, so something intricate and taste-driven would be great. Any recommendations?",Gourmet & Intricate,Individual,Mexican,Gluten-Free,College Student,Leisurely Cooking,Taste-Driven,Culinary Expert
45,"Hey there! I'm looking for a high-protein French recipe that I can sauté for meal prep. As a busy parent who cooks regularly, I need something that uses locally available ingredients and aligns with my health and wellness goals. Any suggestions?",Sautéing,Meal Prep & Batch Cooking,French,High-Protein,Busy Parent,Locally Available,Health & Wellness Goals,Comfortable Home Cook
47,"Hey! I'm planning a splurge-worthy Korean dinner for a date night, and I'm looking for something quick and easy to make since we're both amateur foodies. Can you suggest a nut-free recipe that uses some seasonal ingredients? Thanks!",Quick & Easy,Couple/Date Night,Korean,Nut-Free,Amateur Foodie,Seasonal Ingredients,Splurge-Worthy,Comfortable Home Cook
48,Hi there! I'm looking for a quick and easy Thai recipe that I can steam for my family. I'm an absolute beginner in the kitchen and want it to be kosher and absolutely delicious. Can you recommend something comforting and special?,Steaming,Family-friendly,Thai,Kosher,Comfort-Food Lover,Quick Meals,Splurge-Worthy,Absolute Beginner
49,"Hey there! I'm hosting a big gathering and I need an egg-free, traditional dish that I can prepare using a slow cooker. I'm trying to stick to pantry staples and keep it budget-friendly. Got any tasty suggestions?",Slow Cooker,Large Groups/Parties,Traditional/Authentic,Egg-Free,Budget-Conscious Cook,Pantry Staples,Occasion-Based Cooking,Comfortable Home Cook
52,"Hey! I’m a busy parent trying to meal prep some diabetic-friendly Mexican dishes using my air fryer. Since I'm a beginner, could you suggest some quick meals with easy-to-follow steps?",Air Fryer,Meal Prep & Batch Cooking,Mexican,Diabetic-Friendly,Busy Parent,Quick Meals,Quick Summaries,Absolute Beginner
50,"I'm looking to grill up something adventurous yet Mediterranean-inspired for myself. It needs to be dairy-free, aligns with eco-friendly cooking, and can be made with limited gear. Any expert-level suggestions?",Grilling,Individual,Mediterranean,Dairy-Free,Adventure Seeker,Limited Gear,Eco & Ethical Considerations,Culinary Expert
51,"Hi there! I'm looking for a family-friendly Japanese recipe that I can bake, ideally one that fits into a paleo diet. As a health enthusiast, I'm keen on something that supports our wellness goals. I have a good handle on cooking, but I'd love to make sure all the ingredients are easy to find locally. Can you help me with that?",Baking,Family-friendly,Japanese,Paleo,Health Enthusiast,Locally Available,Health & Wellness Goals,Comfortable Home Cook
54,I'm hosting a party soon and want to impress my guests with something special using sous-vide. Can you suggest a good Indian dish that's halal and makes use of seasonal ingredients? I'm pretty confident in the kitchen but could use some guidance to make sure it turns out perfect!,Sous-vide,Large Groups/Parties,Indian,Halal,Amateur Foodie,Seasonal Ingredients,Occasion-Based Cooking,Comfortable Home Cook
53,"Hey there! I'm planning a special date night and would love to roast something splurge-worthy but keeping it low-sodium. I'm thinking something French would be perfect, as I have a fully equipped kitchen and some culinary skills to show off. Any recommendations?",Roasting,Couple/Date Night,French,Low-Sodium,College Student,Fully Equipped Kitchen,Splurge-Worthy,Culinary Expert
59,"Hey there! I'm looking for a splurge-worthy, gluten-free dish that I can whip up quickly for date night. I love fusion and experimental flavors, and I've got a fully equipped kitchen ready to go. Any sautéing recipes you could recommend for two?",Sautéing,Couple/Date Night,Fusion & Experimental,Gluten-Free,Busy Parent,Fully Equipped Kitchen,Splurge-Worthy,Comfortable Home Cook
58,"Hey there! I'm looking to do some meal prep with my slow cooker and I want to focus on high-protein Korean dishes. Since I'm a beginner, could you suggest some quick and easy recipes? Thanks!",Slow Cooker,Meal Prep & Batch Cooking,Korean,High-Protein,Health Enthusiast,Quick Meals,Health & Wellness Goals,Absolute Beginner
56,"Hey there! I'm looking for a simple and budget-friendly Chinese recipe that I can whip up quickly for my family. Since we're a nut-free household, can you help me out with step-by-step guidance using pantry staples? Thanks!",Quick & Easy,Family-friendly,Chinese,Nut-Free,Budget-Conscious Cook,Pantry Staples,Interactive Guidance,Comfortable Home Cook
55,Hey there! I'm looking for an easy and budget-friendly Italian vegetarian recipe that I can whip up with just some basic kitchen tools. Something comforting for one person as I'm quite new to cooking. Any suggestions?,Everyday Cooking,Individual,Italian,Vegetarian,Comfort-Food Lover,Limited Gear,Budget-Conscious,Absolute Beginner
60,"Hi there! I'm looking for a Mediterranean-inspired, gourmet recipe that's dairy-free. I have some time to spare, so intricate details are welcome! Ideally, it should also align with eco-friendly cooking practices. Can you suggest something interesting I can make just for myself?",Gourmet & Intricate,Individual,Mediterranean,Dairy-Free,College Student,Leisurely Cooking,Eco & Ethical Considerations,Culinary Expert
57,"Hey! I'm planning a Middle Eastern themed dinner party and I'm looking for a taste-driven, vegan dish that I can steam. Since I'm cooking for a large group, I'd love something adventurous and flavorful that utilizes ingredients available here locally. Any suggestions for a culinary expert like me?",Steaming,Large Groups/Parties,Middle Eastern,Vegan,Adventure Seeker,Locally Available,Taste-Driven,Culinary Expert
62,"I'm planning a big, comforting Indian dessert for a party, but I want to bake something nut-free and full of flavor. I have limited kitchen tools, but I'm pretty skilled with baking. Any ideas?",Baking,Large Groups/Parties,Indian,Nut-Free,Comfort-Food Lover,Limited Gear,Taste-Driven,Culinary Expert
61,Hey! I'm planning to grill something Japanese for my family and I excited by the idea of making it special yet simple since I'm just starting out in the kitchen. Could you recommend a low-sugar option that uses seasonal ingredients? Thanks!,Grilling,Family-friendly,Japanese,Low-Sugar,Amateur Foodie,Seasonal Ingredients,Occasion-Based Cooking,Absolute Beginner
65,"I'm looking for a family-friendly Middle Eastern recipe that focuses on roasting and meets Halal requirements. As a health enthusiast with wellness goals, I'd love something that uses ingredients commonly found locally. Can you recommend something?",Roasting,Family-friendly,Middle Eastern,Halal,Health Enthusiast,Locally Available,Health & Wellness Goals,Comfortable Home Cook
63,"Hi! I'm looking to do some meal prep using my Instant Pot, and I'd love to find a French-inspired recipe that also fits a kosher diet. I like keeping things budget-friendly and utilize pantry staples as much as possible. Could you help me out with some ideas?",Instant Pot,Meal Prep & Batch Cooking,French,Kosher,Budget-Conscious Cook,Pantry Staples,Budget-Conscious,Comfortable Home Cook
67,"Hey! I'm a college student trying to cook Thai food on a budget, but I'm an absolute beginner and don't have a lot of kitchen gear. Plus, it needs to be egg-free. Can you suggest an easy recipe?",Everyday Cooking,Individual,Thai,Egg-Free,College Student,Limited Gear,Budget-Conscious,Absolute Beginner
70,"Hey there! I'm planning a party and need to make Japanese vegan dishes that are budget-friendly. I'm pretty new to cooking, so something simple and made with locally available ingredients would be great. Could you help me out with some steamed recipes that align with eco and ethical considerations?",Steaming,Large Groups/Parties,Japanese,Vegan,Budget-Conscious Cook,Locally Available,Eco & Ethical Considerations,Absolute Beginner
64,I'm looking for a super quick and easy Mexican-inspired no-cook paleo recipe just for me. Can you guide me through something adventurous and fun to try?,Minimal/No-Cook,Individual,Mexican,Paleo,Adventure Seeker,Quick Meals,Interactive Guidance,Absolute Beginner
68,"Hi there! I'm looking to whip up a splurge-worthy Italian meal using my sous-vide setup. It’s for a cozy date night at home, and since I’m a comfortable home cook, I’m ready to tackle something a bit fancy. Could you suggest a diabetic-friendly recipe that fits the bill? Thanks!",Sous-vide,Couple/Date Night,Italian,Diabetic-Friendly,Amateur Foodie,Fully Equipped Kitchen,Splurge-Worthy,Comfortable Home Cook
69,I'm looking for a quick and easy Chinese comfort food recipe that's low in sodium and uses common pantry ingredients. Can you give me a brief summary of something family-friendly to whip up?,Quick & Easy,Family-friendly,Chinese,Low-Sodium,Comfort-Food Lover,Pantry Staples,Quick Summaries,Culinary Expert
71,Hey there! I'm looking for a delicious Mexican grilling recipe that's dairy-free and perfect for meal prep. Something quick and full of flavor would be amazing. Any suggestions?,Grilling,Meal Prep & Batch Cooking,Mexican,Dairy-Free,Adventure Seeker,Quick Meals,Taste-Driven,Comfortable Home Cook
72,"Could you recommend a high-protein Indian slow cooker recipe that's perfect for one person, using seasonal ingredients? I'm interested in something aligned with my health goals and ready to tackle a challenge in the kitchen!",Slow Cooker,Individual,Indian,High-Protein,Health Enthusiast,Seasonal Ingredients,Health & Wellness Goals,Culinary Expert
73,I'm a busy parent looking for an easy French recipe that's gluten-free and family-friendly. I prefer something I can sauté since I have limited cooking equipment. Can you suggest something budget-friendly that a beginner could handle?,Sautéing,Family-friendly,French,Gluten-Free,Busy Parent,Limited Gear,Budget-Conscious,Absolute Beginner
75,I'm planning a kosher-friendly baking adventure for a big party. Can you recommend a traditional dessert recipe using pantry staples that will impress my guests?,Baking,Large Groups/Parties,Traditional/Authentic,Kosher,Amateur Foodie,Pantry Staples,Occasion-Based Cooking,Culinary Expert
66,"Hi there! I'm planning a big gathering and want to make a vegetarian Mediterranean dish using my air fryer. Could you suggest a recipe that uses seasonal ingredients? I'm skilled in the kitchen, so feel free to suggest something a bit more complex. Thanks!",Air Fryer,Large Groups/Parties,Mediterranean,Vegetarian,Busy Parent,Seasonal Ingredients,Occasion-Based Cooking,Culinary Expert
76,Hey there! I'm new to cooking and want to try making a comforting Korean dish. Can you suggest an easy vegetarian recipe that I can prepare quickly in an Instant Pot for meal prep? I'd love some step-by-step guidance!,Instant Pot,Meal Prep & Batch Cooking,Korean,Vegetarian,Comfort-Food Lover,Quick Meals,Interactive Guidance,Absolute Beginner
74,"""Hey there! I'm planning a special date night and would love to impress with a gourmet Middle Eastern dish. I'm a pretty comfortable cook and have a fully equipped kitchen. Could you suggest a nut-free recipe that's intricate and perfect for two?""",Gourmet & Intricate,Couple/Date Night,Middle Eastern,Nut-Free,College Student,Fully Equipped Kitchen,Splurge-Worthy,Comfortable Home Cook
79,"Hey there! I'm hosting a party soon and I'm looking for a beginner-friendly, egg-free Italian recipe that also aligns with eco and ethical considerations. Can you help me with something that doesn't require a lot of fancy kitchen tools? Thanks!",Everyday Cooking,Large Groups/Parties,Italian,Egg-Free,Health Enthusiast,Limited Gear,Eco & Ethical Considerations,Absolute Beginner
81,"Hey, I'm planning a nice date night and I'm looking for a splurge-worthy French recipe to grill that’s dairy-free. Got any ideas?",Grilling,Couple/Date Night,French,Dairy-Free,College Student,Fully Equipped Kitchen,Splurge-Worthy,Culinary Expert
80,"Hey there! I'm a bit pressed for time and need a quick, minimal-cook recipe that fits the paleo diet. Could you suggest something Mexican-inspired that's also budget-friendly for just one person? Thanks!",Minimal/No-Cook,Individual,Mexican,Paleo,Busy Parent,Quick Meals,Budget-Conscious,Comfortable Home Cook
82,"Hey there! I'm planning a special family dinner and would love to make something Halal and Middle Eastern. I'm a beginner, so I need something simple, preferably using pantry staples. Could you recommend a steamed dish that fits these criteria? Thanks!",Steaming,Family-friendly,Middle Eastern,Halal,Amateur Foodie,Pantry Staples,Occasion-Based Cooking,Absolute Beginner
78,"I'm in the mood for something adventurous and Mediterranean using seasonal ingredients in the air fryer. I have a family to feed, and while I'm a culinary expert, I prefer seafood-free dishes. Any exciting ideas?",Air Fryer,Family-friendly,Mediterranean,Seafood-Free,Adventure Seeker,Seasonal Ingredients,Taste-Driven,Culinary Expert
77,Hey there! I'm looking for a simple yet healthy Japanese recipe focusing on roasting. It should be low in sugar and use ingredients I can easily find around London. Any recommendations for a single person's meal on a budget?,Roasting,Individual,Japanese,Low-Sugar,Budget-Conscious Cook,Locally Available,Health & Wellness Goals,Comfortable Home Cook
86,"Hi there! I'm planning a cozy date night and I'm looking to bake something Mediterranean that's both delicious and nut-free. I'm a comfortable home cook, so a recipe that focuses on taste and uses locally available ingredients would be perfect. Any suggestions?",Baking,Couple/Date Night,Mediterranean,Nut-Free,Health Enthusiast,Locally Available,Taste-Driven,Comfortable Home Cook
84,"Hey, I'm looking for a quick and budget-friendly sautéed Chinese dish with seasonal ingredients that’s low in sodium. It’s just for me, and I'd love a quick summary since I'm pretty skilled in the kitchen. Any recommendations?",Sautéing,Individual,Chinese,Low-Sodium,Budget-Conscious Cook,Seasonal Ingredients,Quick Summaries,Culinary Expert
87,"I'm preparing a quick, vegetarian, family-friendly dinner using an Instant Pot, but I want it to be something special and a bit experimental. Do you have any fusion recipes that would suit a busy parent who loves to cook?",Instant Pot,Family-friendly,Fusion & Experimental,Vegetarian,Busy Parent,Quick Meals,Occasion-Based Cooking,Culinary Expert
88,"Hi, I'm planning a party and I'm pretty new to cooking. I want to make something Indian and gluten-free that I can roast and serve to a large group. It would be great if it uses pantry staples and keeps eco-friendly practices in mind. Any recipe ideas?",Roasting,Large Groups/Parties,Indian,Gluten-Free,College Student,Pantry Staples,Eco & Ethical Considerations,Absolute Beginner
83,"Hey there! I'm planning a gathering and want to make a cozy vegan dish in my slow cooker that's perfect for a party. I'm thinking something with Indian flavors, and I'd love it to be healthy too. Could you recommend a recipe that uses ingredients I can easily find locally? Thanks!",Slow Cooker,Large Groups/Parties,Indian,Vegan,Comfort-Food Lover,Locally Available,Health & Wellness Goals,Comfortable Home Cook
89,"Hey there! I'm in the mood to treat myself with something splurge-worthy and French, but I'm also sticking to a keto diet. Could you suggest a delicious air fryer recipe that uses seasonal ingredients? It's just for me, so a single serving would be perfect!",Air Fryer,Individual,French,Keto,Amateur Foodie,Seasonal Ingredients,Splurge-Worthy,Comfortable Home Cook
94,Hey there! I'm planning a Mexican-themed party and need a gluten-free slow cooker recipe that can feed a crowd. Any budget-friendly suggestions using pantry staples? Thanks!,Slow Cooker,Large Groups/Parties,Mexican,Gluten-Free,Busy Parent,Pantry Staples,Budget-Conscious,Comfortable Home Cook
91,"Hey there! I'm looking for a quick and easy Italian recipe that's low in sugar and budget-friendly. I'm cooking for my family, but I'm a beginner, and I've got pretty basic kitchen gear. Can you suggest something that fits?",Quick & Easy,Family-friendly,Italian,Low-Sugar,Budget-Conscious Cook,Limited Gear,Health & Wellness Goals,Absolute Beginner
95,"Hey, I'm a college student looking to make a quick and easy Korean dish that's family-friendly and halal. My cooking skills are pretty basic, and I want something light and healthy. Any suggestions?",Sautéing,Family-friendly,Korean,Halal,College Student,Quick Meals,Health & Wellness Goals,Absolute Beginner
85,"I'm just starting out with cooking and want to try something Japanese and kosher that I can prepare in batches. I don't have a lot of fancy equipment, and I'd love detailed guidance since I'm a beginner who's up for a culinary adventure! Any gourmet yet manageable recipes you would suggest?",Gourmet & Intricate,Meal Prep & Batch Cooking,Japanese,Kosher,Adventure Seeker,Limited Gear,Detailed Guidance,Absolute Beginner
92,Hey there! I'm looking to try my hand at some Japanese recipes that I can batch cook for the week. I'm particularly interested in using steaming as the main method. Could you guide me through something adventurous yet nut-free? I'd love some interactive guidance since I'm comfortable in the kitchen but always eager to learn more!,Steaming,Meal Prep & Batch Cooking,Japanese,Nut-Free,Adventure Seeker,Locally Available,Interactive Guidance,Comfortable Home Cook
90,Hi there! I'm planning a cozy date night dinner at home and would love to make something Middle Eastern that's comforting and halal. I have a fully equipped kitchen and I'm pretty confident in my cooking skills. Any tasty recommendations?,Everyday Cooking,Couple/Date Night,Middle Eastern,Halal,Comfort-Food Lover,Fully Equipped Kitchen,Taste-Driven,Culinary Expert
93,"Hey there! I'm looking for a vegan Mediterranean grilling recipe that uses seasonal ingredients. I’m cooking just for myself, and I’d love something aligned with eco and ethical considerations. Can you help me out?",Grilling,Individual,Mediterranean,Vegan,Health Enthusiast,Seasonal Ingredients,Eco & Ethical Considerations,Culinary Expert
96,"""I'm planning a special date night dinner and want to create a gourmet French meal that's diabetic-friendly. I have a fully equipped kitchen and am looking for something intricate to really impress. Any ideas?""",Gourmet & Intricate,Couple/Date Night,French,Diabetic-Friendly,Amateur Foodie,Fully Equipped Kitchen,Splurge-Worthy,Culinary Expert
98,"Hey, I'm looking for a simple and budget-friendly Thai vegetarian recipe I can roast. It needs to be family-friendly and easy to make with limited gear. Can you help me out?",Roasting,Family-friendly,Thai,Vegetarian,Budget-Conscious Cook,Limited Gear,Taste-Driven,Absolute Beginner
97,"Hi there! I'm in the mood for a cozy Middle Eastern dish I can bake for myself, something egg-free and using seasonal ingredients. Got any comforting suggestions for a little solo treat?",Baking,Individual,Middle Eastern,Egg-Free,Comfort-Food Lover,Seasonal Ingredients,Occasion-Based Cooking,Comfortable Home Cook
100,"Hey there! I'm a college student looking to steam a quick, vegetarian Mediterranean dish just for myself. It's for a special occasion, so I'd love something impressive yet easy to prepare. Any suggestions?",Steaming,Individual,Mediterranean,Vegetarian,College Student,Quick Meals,Occasion-Based Cooking,Culinary Expert
99,"Hey there! I'm looking to spice up my meal prep routine with some nut-free Mexican recipes that I can make using my air fryer. Since I like experimenting a bit and I’m a pro in the kitchen, I'd love something that aligns with my health goals. Any ideas that use ingredients I can easily find around here? Thanks!",Air Fryer,Meal Prep & Batch Cooking,Mexican,Nut-Free,Adventure Seeker,Locally Available,Health & Wellness Goals,Culinary Expert
